{"cameraMode":{"drawMode":0,"name":"Shaded","section":"Shading Mode"},"sceneLighting":true,"audioPlay":false,"sceneViewState":{"showFog":true,"showMaterialUpdate":true,"showSkybox":true,"showFlares":true,"showImageEffects":true,"showParticleSystems":true},"in2DMode":false,"pivot":{"x":450.174072265625,"y":-182.77493286132813,"z":2186.05810546875},"rotation":{"x":0.07789012044668198,"y":-0.02843581512570381,"z":0.002229328965768218,"w":0.9965604543685913},"size":2805.7001953125,"orthographic":false}