{"cameraMode":{"drawMode":0,"name":"Shaded","section":"Shading Mode"},"sceneLighting":false,"audioPlay":false,"sceneViewState":{"showFog":true,"showMaterialUpdate":true,"showSkybox":true,"showFlares":true,"showImageEffects":true,"showParticleSystems":true},"in2DMode":false,"pivot":{"x":456.2076110839844,"y":163.99075317382813,"z":4.200164794921875},"rotation":{"x":-0.013497751206159592,"y":-0.016201697289943696,"z":0.00021771232422906905,"w":-0.9997847080230713},"size":536.9205322265625,"orthographic":false}