{"cameraMode":{"drawMode":0,"name":"Shaded","section":"Shading Mode"},"sceneLighting":true,"audioPlay":false,"sceneViewState":{"showFog":true,"showMaterialUpdate":true,"showSkybox":true,"showFlares":true,"showImageEffects":true,"showParticleSystems":true},"in2DMode":false,"pivot":{"x":3.32772159576416,"y":1.565495491027832,"z":4.027984142303467},"rotation":{"x":0.1926492154598236,"y":0.7078019380569458,"z":-0.21107034385204316,"w":0.6460283994674683},"size":8.715703010559082,"orthographic":false}