{"cameraMode":{"drawMode":0,"name":"Shaded","section":"Shading Mode"},"sceneLighting":true,"audioPlay":false,"sceneViewState":{"showFog":true,"showMaterialUpdate":true,"showSkybox":true,"showFlares":true,"showImageEffects":true,"showParticleSystems":true},"in2DMode":false,"pivot":{"x":490.6503601074219,"y":181.2126007080078,"z":-6.2886962890625},"rotation":{"x":0.05846757814288139,"y":0.0014709135284647346,"z":-0.00007947572157718241,"w":0.9982954859733582},"size":555.963623046875,"orthographic":false}