{"cameraMode":{"drawMode":0,"name":"Shaded","section":"Shading Mode"},"sceneLighting":false,"audioPlay":false,"sceneViewState":{"showFog":true,"showMaterialUpdate":true,"showSkybox":true,"showFlares":true,"showImageEffects":true,"showParticleSystems":true},"in2DMode":false,"pivot":{"x":-89.52947235107422,"y":13.649672508239746,"z":56.05259704589844},"rotation":{"x":-0.33525148034095766,"y":-0.6646758317947388,"z":0.46593841910362246,"w":-0.4782438278198242},"size":4.2064290046691898,"orthographic":false}