{"cameraMode":{"drawMode":0,"name":"Shaded","section":"Shading Mode"},"sceneLighting":false,"audioPlay":false,"sceneViewState":{"showFog":true,"showMaterialUpdate":true,"showSkybox":true,"showFlares":true,"showImageEffects":true,"showParticleSystems":true},"in2DMode":false,"pivot":{"x":463.13238525390627,"y":144.59559631347657,"z":1610.3551025390625},"rotation":{"x":0.002999714342877269,"y":-0.01470243837684393,"z":-0.000046855577238602564,"w":-0.9998978972434998},"size":1993.851318359375,"orthographic":false}