{"cameraMode":{"drawMode":0,"name":"Shaded","section":"Shading Mode"},"sceneLighting":false,"audioPlay":false,"sceneViewState":{"showFog":true,"showMaterialUpdate":true,"showSkybox":true,"showFlares":true,"showImageEffects":true,"showParticleSystems":true},"in2DMode":false,"pivot":{"x":313.10174560546877,"y":240.54296875,"z":218.59600830078126},"rotation":{"x":0.0051017748191952709,"y":0.0009076276328414679,"z":8.11754830465361e-7,"w":-0.9999902248382568},"size":11305.9150390625,"orthographic":false}