{"cameraMode":{"drawMode":0,"name":"Shaded","section":"Shading Mode"},"sceneLighting":false,"audioPlay":false,"sceneViewState":{"showFog":true,"showMaterialUpdate":true,"showSkybox":true,"showFlares":true,"showImageEffects":true,"showParticleSystems":true},"in2DMode":false,"pivot":{"x":221.6517333984375,"y":-4.410976409912109,"z":-44.67189025878906},"rotation":{"x":0.6695502996444702,"y":-0.07967968285083771,"z":0.07259390503168106,"w":0.7349042296409607},"size":63.706687927246097,"orthographic":false}