{"cameraMode":{"drawMode":0,"name":"Shaded","section":"Shading Mode"},"sceneLighting":false,"audioPlay":false,"sceneViewState":{"showFog":true,"showMaterialUpdate":true,"showSkybox":true,"showFlares":true,"showImageEffects":true,"showParticleSystems":true},"in2DMode":false,"pivot":{"x":467.2552490234375,"y":95.82305908203125,"z":239.75677490234376},"rotation":{"x":-0.12058603018522263,"y":0.017279276624321939,"z":-0.0021031228825449945,"w":-0.9925532937049866},"size":575.6302490234375,"orthographic":false}