{"cameraMode":{"drawMode":0,"name":"Shaded","section":"Shading Mode"},"sceneLighting":false,"audioPlay":false,"sceneViewState":{"showFog":true,"showMaterialUpdate":true,"showSkybox":true,"showFlares":true,"showImageEffects":true,"showParticleSystems":true},"in2DMode":false,"pivot":{"x":-88.62645721435547,"y":-20.81818389892578,"z":43.43440628051758},"rotation":{"x":0.018376579508185388,"y":0.8983457684516907,"z":-0.4372791051864624,"w":0.03775275871157646},"size":41.30125427246094,"orthographic":false}