{"cameraMode":{"drawMode":0,"name":"Shaded","section":"Shading Mode"},"sceneLighting":true,"audioPlay":false,"sceneViewState":{"showFog":true,"showMaterialUpdate":true,"showSkybox":true,"showFlares":true,"showImageEffects":true,"showParticleSystems":true},"in2DMode":false,"pivot":{"x":47.473175048828128,"y":41.53929901123047,"z":23.596214294433595},"rotation":{"x":-0.015759361907839776,"y":-0.2963224947452545,"z":0.004886599723249674,"w":-0.9549478888511658},"size":76.18670654296875,"orthographic":false}