{"cameraMode":{"drawMode":0,"name":"Shaded","section":"Shading Mode"},"sceneLighting":true,"audioPlay":false,"sceneViewState":{"showFog":true,"showMaterialUpdate":true,"showSkybox":true,"showFlares":true,"showImageEffects":true,"showParticleSystems":true},"in2DMode":false,"pivot":{"x":-39.86735916137695,"y":-48.36261749267578,"z":-33.76360321044922},"rotation":{"x":0.058669738471508029,"y":0.9394943118095398,"z":-0.2670038044452667,"w":0.20643843710422517},"size":158.7072296142578,"orthographic":false}