{"cameraMode":{"drawMode":0,"name":"Shaded","section":"Shading Mode"},"sceneLighting":true,"audioPlay":false,"sceneViewState":{"showFog":true,"showMaterialUpdate":true,"showSkybox":true,"showFlares":true,"showImageEffects":true,"showParticleSystems":true},"in2DMode":false,"pivot":{"x":487.6817626953125,"y":234.9554443359375,"z":0.0377197265625},"rotation":{"x":0.05846757814288139,"y":0.0014709135284647346,"z":-0.00007947572157718241,"w":0.9982954859733582},"size":419.2041320800781,"orthographic":false}