{"cameraMode":{"drawMode":0,"name":"Shaded","section":"Shading Mode"},"sceneLighting":true,"audioPlay":false,"sceneViewState":{"showFog":true,"showMaterialUpdate":true,"showSkybox":true,"showFlares":true,"showImageEffects":true,"showParticleSystems":true},"in2DMode":false,"pivot":{"x":245.55276489257813,"y":108.09371948242188,"z":-38.560638427734378},"rotation":{"x":0.30922168493270876,"y":-0.40360933542251589,"z":0.14710955321788789,"w":0.8484430313110352},"size":314.3658752441406,"orthographic":false}