{"cameraMode":{"drawMode":0,"name":"Shaded","section":"Shading Mode"},"sceneLighting":true,"audioPlay":false,"sceneViewState":{"showFog":true,"showMaterialUpdate":true,"showSkybox":true,"showFlares":true,"showImageEffects":true,"showParticleSystems":true},"in2DMode":false,"pivot":{"x":-73.28956604003906,"y":14.863042831420899,"z":24.10224151611328},"rotation":{"x":0.09107045084238053,"y":0.900670051574707,"z":-0.3576509654521942,"w":0.22932666540145875},"size":123.66654968261719,"orthographic":false}