{"cameraMode":{"drawMode":0,"name":"Shaded","section":"Shading Mode"},"sceneLighting":false,"audioPlay":false,"sceneViewState":{"showFog":true,"showMaterialUpdate":true,"showSkybox":true,"showFlares":true,"showImageEffects":true,"showParticleSystems":true},"in2DMode":false,"pivot":{"x":-83.88213348388672,"y":-58.99622344970703,"z":6.431304931640625},"rotation":{"x":-0.011271870695054531,"y":0.9445099830627441,"z":-0.32668760418891909,"w":-0.032598864287137988},"size":153.5211639404297,"orthographic":false}