{"cameraMode":{"drawMode":0,"name":"Shaded","section":"Shading Mode"},"sceneLighting":true,"audioPlay":false,"sceneViewState":{"showFog":true,"showMaterialUpdate":true,"showSkybox":true,"showFlares":true,"showImageEffects":true,"showParticleSystems":true},"in2DMode":false,"pivot":{"x":242.57278442382813,"y":175.48394775390626,"z":-41.21575927734375},"rotation":{"x":-0.013337369076907635,"y":0.15384641289710999,"z":0.0020833597518503668,"w":0.9880094528198242},"size":298.8164367675781,"orthographic":false}