{"cameraMode":{"drawMode":0,"name":"Shaded","section":"Shading Mode"},"sceneLighting":true,"audioPlay":false,"sceneViewState":{"showFog":true,"showMaterialUpdate":true,"showSkybox":true,"showFlares":true,"showImageEffects":true,"showParticleSystems":true},"in2DMode":false,"pivot":{"x":-90.74998474121094,"y":-1.1426448822021485,"z":68.55785369873047},"rotation":{"x":0.10934023559093476,"y":0.8451059460639954,"z":-0.4878111183643341,"w":0.18942603468894959},"size":20.817363739013673,"orthographic":false}