{"cameraMode":{"drawMode":0,"name":"Shaded","section":"Shading Mode"},"sceneLighting":true,"audioPlay":false,"sceneViewState":{"showFog":true,"showMaterialUpdate":true,"showSkybox":true,"showFlares":true,"showImageEffects":true,"showParticleSystems":true},"in2DMode":false,"pivot":{"x":1.966371774673462,"y":1.9975078105926514,"z":4.031948089599609},"rotation":{"x":0.19063419103622437,"y":0.7463183999061585,"z":-0.2409682422876358,"w":0.5904252529144287},"size":8.715703010559082,"orthographic":false}