{"cameraMode":{"drawMode":0,"name":"Shaded","section":"Shading Mode"},"sceneLighting":true,"audioPlay":false,"sceneViewState":{"showFog":true,"showMaterialUpdate":false,"showSkybox":true,"showFlares":true,"showImageEffects":true,"showParticleSystems":true},"in2DMode":false,"pivot":{"x":-62.47911834716797,"y":20.551494598388673,"z":-12.776932716369629},"rotation":{"x":-0.09069997817277909,"y":0.8223890066146851,"z":-0.5446997880935669,"w":-0.13693934679031373},"size":13.648953437805176,"orthographic":false}