{"cameraMode":{"drawMode":0,"name":"Shaded","section":"Shading Mode"},"sceneLighting":true,"audioPlay":false,"sceneViewState":{"showFog":true,"showMaterialUpdate":false,"showSkybox":true,"showFlares":true,"showImageEffects":true,"showParticleSystems":true},"in2DMode":false,"pivot":{"x":501.3885803222656,"y":103.1456069946289,"z":1.538665771484375},"rotation":{"x":-0.004190359264612198,"y":-0.0030048165936022999,"z":-0.000012546154721349012,"w":0.9999868869781494},"size":433.20037841796877,"orthographic":false}