{"cameraMode":{"drawMode":0,"name":"Shaded","section":"Shading Mode"},"sceneLighting":true,"audioPlay":false,"sceneViewState":{"showFog":true,"showMaterialUpdate":false,"showSkybox":true,"showFlares":true,"showImageEffects":true,"showParticleSystems":true},"in2DMode":false,"pivot":{"x":312.6556091308594,"y":-15.066388130187989,"z":7.225421905517578},"rotation":{"x":-0.2233058512210846,"y":0.15077707171440125,"z":-0.03498567268252373,"w":-0.9623813629150391},"size":420.20513916015627,"orthographic":false}