{"cameraMode":{"drawMode":0,"name":"Shaded","section":"Shading Mode"},"sceneLighting":true,"audioPlay":false,"sceneViewState":{"showFog":true,"showMaterialUpdate":false,"showSkybox":true,"showFlares":true,"showImageEffects":true,"showParticleSystems":true},"in2DMode":false,"pivot":{"x":511.7686462402344,"y":181.7238311767578,"z":303.83148193359377},"rotation":{"x":-0.004499731585383415,"y":0.00899946503341198,"z":0.000039973892853595316,"w":0.9999507069587708},"size":860.4332885742188,"orthographic":false}