{"cameraMode":{"drawMode":0,"name":"Shaded","section":"Shading Mode"},"sceneLighting":true,"audioPlay":false,"sceneViewState":{"showFog":true,"showMaterialUpdate":false,"showSkybox":true,"showFlares":true,"showImageEffects":true,"showParticleSystems":true},"in2DMode":false,"pivot":{"x":556.751220703125,"y":50.55270004272461,"z":0.0},"rotation":{"x":-0.002998322481289506,"y":0.03449276089668274,"z":0.00010319937427993864,"w":0.9994022250175476},"size":382.1805725097656,"orthographic":false}