{"cameraMode":{"drawMode":0,"name":"Shaded","section":"Shading Mode"},"sceneLighting":true,"audioPlay":false,"sceneViewState":{"showFog":true,"showMaterialUpdate":false,"showSkybox":true,"showFlares":true,"showImageEffects":true,"showParticleSystems":true},"in2DMode":false,"pivot":{"x":-75.3254623413086,"y":15.322879791259766,"z":43.757930755615237},"rotation":{"x":-0.03814832866191864,"y":-0.9591315388679504,"z":0.2316679060459137,"w":-0.15793873369693757},"size":39.34540557861328,"orthographic":false}