{"cameraMode":{"drawMode":0,"name":"Shaded","section":"Shading Mode"},"sceneLighting":false,"audioPlay":false,"sceneViewState":{"showFog":true,"showMaterialUpdate":false,"showSkybox":false,"showFlares":true,"showImageEffects":true,"showParticleSystems":true},"in2DMode":false,"pivot":{"x":-91.8887710571289,"y":1.443989634513855,"z":66.74363708496094},"rotation":{"x":0.10032964497804642,"y":-0.005675680935382843,"z":0.0005728683318011463,"w":0.9949391484260559},"size":1.306363582611084,"orthographic":false}