{"cameraMode":{"drawMode":0,"name":"Shaded","section":"Shading Mode"},"sceneLighting":true,"audioPlay":false,"sceneViewState":{"showFog":true,"showMaterialUpdate":false,"showSkybox":true,"showFlares":true,"showImageEffects":true,"showParticleSystems":true},"in2DMode":false,"pivot":{"x":-67.54154968261719,"y":31.030635833740236,"z":28.059459686279298},"rotation":{"x":0.2554722726345062,"y":-0.7185815572738648,"z":0.32999151945114138,"w":0.5563097596168518},"size":25.60654067993164,"orthographic":false}