{"cameraMode":{"drawMode":0,"name":"Shaded","section":"Shading Mode"},"sceneLighting":false,"audioPlay":false,"sceneViewState":{"showFog":true,"showMaterialUpdate":false,"showSkybox":false,"showFlares":true,"showImageEffects":true,"showParticleSystems":true},"in2DMode":false,"pivot":{"x":-94.28174591064453,"y":2.2605202198028566,"z":47.77759552001953},"rotation":{"x":0.20375031232833863,"y":0.6577907204627991,"z":-0.19164568185806275,"w":0.699335515499115},"size":0.4130915403366089,"orthographic":false}