{"cameraMode":{"drawMode":0,"name":"Shaded","section":"Shading Mode"},"sceneLighting":true,"audioPlay":false,"sceneViewState":{"showFog":true,"showMaterialUpdate":false,"showSkybox":true,"showFlares":true,"showImageEffects":true,"showParticleSystems":true},"in2DMode":false,"pivot":{"x":126.97500610351563,"y":176.48724365234376,"z":25.3084716796875},"rotation":{"x":0.0074973623268306259,"y":0.02549654431641102,"z":-0.0001912266161525622,"w":0.9996470808982849},"size":538.7311401367188,"orthographic":false}