{"cameraMode":{"drawMode":0,"name":"Shaded","section":"Shading Mode"},"sceneLighting":true,"audioPlay":false,"sceneViewState":{"showFog":true,"showMaterialUpdate":false,"showSkybox":true,"showFlares":true,"showImageEffects":true,"showParticleSystems":true},"in2DMode":false,"pivot":{"x":73.0368881225586,"y":1.67181396484375,"z":-19.880807876586915},"rotation":{"x":0.7238591313362122,"y":-0.00413960637524724,"z":0.00434314738959074,"w":0.6899216771125794},"size":89.2919921875,"orthographic":false}