{"cameraMode":{"drawMode":0,"name":"Shaded","section":"Shading Mode"},"sceneLighting":true,"audioPlay":false,"sceneViewState":{"showFog":true,"showMaterialUpdate":false,"showSkybox":true,"showFlares":true,"showImageEffects":true,"showParticleSystems":true},"in2DMode":false,"pivot":{"x":150.33616638183595,"y":19.64563751220703,"z":-64.43339538574219},"rotation":{"x":-0.08067379891872406,"y":0.7922195792198181,"z":-0.5952762961387634,"w":-0.10736571252346039},"size":44.03092575073242,"orthographic":false}