{"cameraMode":{"drawMode":0,"name":"Shaded","section":"Shading Mode"},"sceneLighting":true,"audioPlay":false,"sceneViewState":{"showFog":true,"showMaterialUpdate":false,"showSkybox":true,"showFlares":true,"showImageEffects":true,"showParticleSystems":true},"in2DMode":false,"pivot":{"x":184.83285522460938,"y":146.5936279296875,"z":-259.7151184082031},"rotation":{"x":0.10397631675004959,"y":-0.12497477233409882,"z":0.013170790858566761,"w":0.9866086840629578},"size":204.72561645507813,"orthographic":false}