{"cameraMode":{"drawMode":0,"name":"Shaded","section":"Shading Mode"},"sceneLighting":true,"audioPlay":false,"sceneViewState":{"showFog":true,"showMaterialUpdate":false,"showSkybox":true,"showFlares":true,"showImageEffects":true,"showParticleSystems":true},"in2DMode":false,"pivot":{"x":364.4630126953125,"y":128.84942626953126,"z":11.869964599609375},"rotation":{"x":0.04648126661777496,"y":0.008990177884697914,"z":-0.00041834841249510646,"w":0.9988788366317749},"size":466.2938232421875,"orthographic":false}